{
	 "__metadata__": {
		 "format": "assimp2json"
		,"version": 100
	}
	,"rootnode": {
		 "name": "icosa.obj"
		,"transformation": [
			 1
			,0
			,0
			,0
			,0
			,1
			,0
			,0
			,0
			,0
			,1
			,0
			,0
			,0
			,0
			,1
		]
		,"children": [
			{
				 "name": "Platonic"
				,"transformation": [
					 1
					,0
					,0
					,0
					,0
					,1
					,0
					,0
					,0
					,0
					,1
					,0
					,0
					,0
					,0
					,1
				]
				,"meshes": [
					 0
				]
			}
		]
	}
	,"flags": 8
	,"meshes": [
		{
			 "name": ""
			,"materialindex": 0
			,"primitivetypes": 4
			,"vertices": [
				 0
				,1.5772
				,2.55196
				,1.5772
				,2.55196
				,0
				,-1.5772
				,2.55196
				,0
				,0
				,1.5772
				,2.55196
				,2.55196
				,0
				,1.5772
				,1.5772
				,2.55196
				,0
				,2.55196
				,0
				,1.5772
				,2.55196
				,0
				,-1.5772
				,1.5772
				,2.55196
				,0
				,2.55196
				,0
				,-1.5772
				,0
				,1.5772
				,-2.55196
				,1.5772
				,2.55196
				,0
				,0
				,1.5772
				,-2.55196
				,-1.5772
				,2.55196
				,0
				,1.5772
				,2.55196
				,0
				,-2.55196
				,0
				,-1.5772
				,-1.5772
				,2.55196
				,0
				,0
				,1.5772
				,-2.55196
				,-2.55196
				,0
				,1.5772
				,-1.5772
				,2.55196
				,0
				,-2.55196
				,0
				,-1.5772
				,-2.55196
				,0
				,1.5772
				,0
				,1.5772
				,2.55196
				,-1.5772
				,2.55196
				,0
				,0
				,-1.5772
				,2.55196
				,-1.5772
				,-2.55196
				,0
				,1.5772
				,-2.55196
				,0
				,0
				,-1.5772
				,2.55196
				,1.5772
				,-2.55196
				,0
				,2.55196
				,0
				,1.5772
				,1.5772
				,-2.55196
				,0
				,2.55196
				,0
				,-1.5772
				,2.55196
				,0
				,1.5772
				,1.5772
				,-2.55196
				,0
				,0
				,-1.5772
				,-2.55196
				,2.55196
				,0
				,-1.5772
				,1.5772
				,-2.55196
				,0
				,-1.5772
				,-2.55196
				,0
				,0
				,-1.5772
				,-2.55196
				,-1.5772
				,-2.55196
				,0
				,-2.55196
				,0
				,-1.5772
				,0
				,-1.5772
				,-2.55196
				,-1.5772
				,-2.55196
				,0
				,-2.55196
				,0
				,1.5772
				,-2.55196
				,0
				,-1.5772
				,-1.5772
				,-2.55196
				,0
				,0
				,-1.5772
				,2.55196
				,-2.55196
				,0
				,1.5772
				,0
				,1.5772
				,2.55196
				,-2.55196
				,0
				,1.5772
				,0
				,-1.5772
				,2.55196
				,0
				,1.5772
				,2.55196
				,0
				,-1.5772
				,2.55196
				,2.55196
				,0
				,1.5772
				,2.55196
				,0
				,-1.5772
				,0
				,-1.5772
				,-2.55196
				,0
				,1.5772
				,-2.55196
				,0
				,-1.5772
				,-2.55196
				,-2.55196
				,0
				,-1.5772
				,0
				,1.5772
				,-2.55196
			]
			,"normals": [
				 0
				,0.810146
				,0.586227
				,0.223919
				,0.948536
				,0.223919
				,-0.223919
				,0.948536
				,0.223919
				,0.362309
				,0.586228
				,0.724617
				,0.724617
				,0.362309
				,0.586228
				,0.586227
				,0.724617
				,0.362308
				,0.948536
				,0.223919
				,0.223919
				,0.948536
				,0.223919
				,-0.223919
				,0.810146
				,0.586227
				,0
				,0.724617
				,0.362308
				,-0.586227
				,0.362309
				,0.586228
				,-0.724617
				,0.586227
				,0.724617
				,-0.362308
				,0
				,0.810146
				,-0.586227
				,-0.223919
				,0.948536
				,-0.223919
				,0.223919
				,0.948536
				,-0.223919
				,-0.724617
				,0.362309
				,-0.586228
				,-0.586228
				,0.724617
				,-0.362309
				,-0.362309
				,0.586228
				,-0.724617
				,-0.948536
				,0.223919
				,0.223919
				,-0.810146
				,0.586227
				,0
				,-0.948536
				,0.223919
				,-0.223919
				,-0.724617
				,0.362309
				,0.586228
				,-0.362308
				,0.586227
				,0.724617
				,-0.586227
				,0.724617
				,0.362308
				,0
				,-0.810146
				,0.586227
				,-0.223919
				,-0.948536
				,0.223919
				,0.223919
				,-0.948536
				,0.223919
				,0.362309
				,-0.586228
				,0.724617
				,0.586227
				,-0.724617
				,0.362308
				,0.724617
				,-0.362309
				,0.586228
				,0.810146
				,-0.586227
				,0
				,0.948536
				,-0.223919
				,-0.223919
				,0.948536
				,-0.223919
				,0.223919
				,0.586228
				,-0.724617
				,-0.362309
				,0.362309
				,-0.586228
				,-0.724617
				,0.724617
				,-0.362309
				,-0.586228
				,0.223919
				,-0.948536
				,-0.223919
				,-0.223919
				,-0.948536
				,-0.223919
				,0
				,-0.810146
				,-0.586227
				,-0.586228
				,-0.724617
				,-0.362309
				,-0.724617
				,-0.362308
				,-0.586227
				,-0.362308
				,-0.586227
				,-0.724617
				,-0.810146
				,-0.586227
				,0
				,-0.948536
				,-0.223919
				,0.223919
				,-0.948536
				,-0.223919
				,-0.223919
				,-0.586227
				,-0.724617
				,0.362308
				,-0.362309
				,-0.586228
				,0.724617
				,-0.724617
				,-0.362309
				,0.586228
				,-0.223919
				,0.223919
				,0.948536
				,-0.586227
				,0
				,0.810146
				,-0.223919
				,-0.223919
				,0.948536
				,0.223919
				,0.223919
				,0.948536
				,0.223919
				,-0.223919
				,0.948536
				,0.586227
				,0
				,0.810146
				,0.586227
				,0
				,-0.810146
				,0.223919
				,-0.223919
				,-0.948536
				,0.223919
				,0.223919
				,-0.948536
				,-0.223919
				,-0.223919
				,-0.948536
				,-0.586227
				,0
				,-0.810146
				,-0.223919
				,0.223919
				,-0.948536
			]
			,"tangents": [
				 1
				,0
				,0
				,0.974608
				,-0.217929
				,-0.051446
				,0.974608
				,0.217929
				,0.051446
				,0.309017
				,-0.809017
				,0.5
				,0.150585
				,-0.913336
				,0.378339
				,0.451756
				,-0.663612
				,0.596268
				,0.309017
				,-0.809017
				,-0.5
				,0.0991391
				,-0.881541
				,-0.461581
				,0.503202
				,-0.695408
				,-0.513027
				,-0.5
				,-0.309017
				,-0.809017
				,-0.596268
				,-0.451756
				,-0.663612
				,-0.378339
				,-0.150585
				,-0.913336
				,-1
				,0
				,0
				,-0.974608
				,-0.217929
				,0.051446
				,-0.974608
				,0.217929
				,-0.051446
				,-0.5
				,0.309017
				,0.809017
				,-0.378339
				,0.150585
				,0.913336
				,-0.596268
				,0.451756
				,0.663612
				,0.309017
				,0.809017
				,0.5
				,0.503202
				,0.695408
				,0.513027
				,0.0991391
				,0.881541
				,0.461581
				,0.5
				,-0.309017
				,0.809017
				,0.596268
				,-0.451756
				,0.663612
				,0.378339
				,-0.150585
				,0.913336
				,-1
				,0
				,0
				,-0.974608
				,0.217929
				,-0.051446
				,-0.974608
				,-0.217929
				,0.051446
				,-0.309017
				,-0.809017
				,-0.5
				,-0.451756
				,-0.663612
				,-0.596268
				,-0.150585
				,-0.913336
				,-0.378339
				,0
				,0
				,-1
				,-0.217929
				,0.051446
				,-0.974608
				,0.217929
				,-0.051446
				,-0.974608
				,-0.809017
				,-0.5
				,-0.309017
				,-0.913336
				,-0.378339
				,-0.150585
				,-0.663612
				,-0.596268
				,-0.451755
				,-0.5
				,-0.309017
				,0.809017
				,-0.461581
				,-0.0991391
				,0.881541
				,-0.513027
				,-0.503202
				,0.695408
				,-0.809017
				,0.5
				,0.309017
				,-0.663612
				,0.596268
				,0.451756
				,-0.913336
				,0.378339
				,0.150585
				,0
				,0
				,1
				,0.217929
				,0.051446
				,0.974608
				,-0.217929
				,-0.051446
				,0.974608
				,0.809017
				,-0.5
				,0.309017
				,0.913336
				,-0.378339
				,0.150585
				,0.663612
				,-0.596268
				,0.451755
				,-0.809017
				,0.5
				,-0.309017
				,-0.695408
				,0.513027
				,-0.503202
				,-0.881541
				,0.461581
				,-0.0991391
				,-0.809017
				,-0.5
				,0.309017
				,-0.881541
				,-0.461581
				,0.0991391
				,-0.695408
				,-0.513027
				,0.503202
				,0
				,-1
				,0
				,-0.051446
				,-0.974608
				,0.217929
				,0.051446
				,-0.974608
				,-0.217929
				,-0.809017
				,-0.5
				,0.309017
				,-0.695408
				,-0.513027
				,0.503202
				,-0.881541
				,-0.461581
				,0.0991391
			]
			,