{
	 "__metadata__": {
		 "format": "assimp2json"
		,"version": 100
	}
	,"rootnode": {
		 "name": "icosa.obj"
		,"transformation": [
			 1
			,0
			,0
			,0
			,0
			,1
			,0
			,0
			,0
			,0
			,1
			,0
			,0
			,0
			,0
			,1
		]
		,"children": [
			{
				 "name": "Icosphere"
				,"transformation": [
					 1
					,0
					,0
					,0
					,0
					,1
					,0
					,0
					,0
					,0
					,1
					,0
					,0
					,0
					,0
					,1
				]
				,"meshes": [
					 0
				]
			}
		]
	}
	,"flags": 8
	,"meshes": [
		{
			 "name": ""
			,"materialindex": 0
			,"primitivetypes": 4
			,"vertices": [
				 0.274178
				,-1.11908
				,-0.473978
				,0.997778
				,-0.566293
				,0.051742
				,-0.002207
				,-0.566293
				,0.376662
				,0.997778
				,-0.566293
				,0.051742
				,0.274178
				,-1.11908
				,-0.473978
				,0.997778
				,-0.566293
				,-0.999698
				,0.274178
				,-1.11908
				,-0.473978
				,-0.002207
				,-0.566293
				,0.376662
				,-0.620247
				,-0.566293
				,-0.473978
				,0.274178
				,-1.11908
				,-0.473978
				,-0.620247
				,-0.566293
				,-0.473978
				,-0.002207
				,-0.566293
				,-1.32462
				,0.274178
				,-1.11908
				,-0.473978
				,-0.002207
				,-0.566293
				,-1.32462
				,0.997778
				,-0.566293
				,-0.999698
				,0.997778
				,-0.566293
				,0.051742
				,0.997778
				,-0.566293
				,-0.999698
				,1.1686
				,0.328137
				,-0.473978
				,-0.002207
				,-0.566293
				,0.376662
				,0.997778
				,-0.566293
				,0.051742
				,0.550563
				,0.328137
				,0.376662
				,-0.620247
				,-0.566293
				,-0.473978
				,-0.002207
				,-0.566293
				,0.376662
				,-0.449422
				,0.328137
				,0.051742
				,-0.002207
				,-0.566293
				,-1.32462
				,-0.620247
				,-0.566293
				,-0.473978
				,-0.449422
				,0.328137
				,-0.999698
				,0.997778
				,-0.566293
				,-0.999698
				,-0.002207
				,-0.566293
				,-1.32462
				,0.550563
				,0.328137
				,-1.32462
				,0.997778
				,-0.566293
				,0.051742
				,1.1686
				,0.328137
				,-0.473978
				,0.550563
				,0.328137
				,0.376662
				,-0.002207
				,-0.566293
				,0.376662
				,0.550563
				,0.328137
				,0.376662
				,-0.449422
				,0.328137
				,0.051742
				,-0.620247
				,-0.566293
				,-0.473978
				,-0.449422
				,0.328137
				,0.051742
				,-0.449422
				,0.328137
				,-0.999698
				,-0.002207
				,-0.566293
				,-1.32462
				,-0.449422
				,0.328137
				,-0.999698
				,0.550563
				,0.328137
				,-1.32462
				,0.997778
				,-0.566293
				,-0.999698
				,0.550563
				,0.328137
				,-1.32462
				,1.1686
				,0.328137
				,-0.473978
				,0.550563
				,0.328137
				,0.376662
				,1.1686
				,0.328137
				,-0.473978
				,0.274178
				,0.880922
				,-0.473978
				,-0.449422
				,0.328137
				,0.051742
				,0.550563
				,0.328137
				,0.376662
				,0.274178
				,0.880922
				,-0.473978
				,-0.449422
				,0.328137
				,-0.999698
				,-0.449422
				,0.328137
				,0.051742
				,0.274178
				,0.880922
				,-0.473978
				,0.550563
				,0.328137
				,-1.32462
				,-0.449422
				,0.328137
				,-0.999698
				,0.274178
				,0.880922
				,-0.473978
				,1.1686
				,0.328137
				,-0.473978
				,0.550563
				,0.328137
				,-1.32462
				,0.274178
				,0.880922
				,-0.473978
			]
			,"normals": [
				 0.1876
				,-0.7947
				,0.5774
				,0.1876
				,-0.7947
				,0.5774
				,0.1876
				,-0.7947
				,0.5774
				,0.6071
				,-0.7947
				,0
				,0.6071
				,-0.7947
				,0
				,0.6071
				,-0.7947
				,0
				,-0.4911
				,-0.7947
				,0.3568
				,-0.4911
				,-0.7947
				,0.3568
				,-0.4911
				,-0.7947
				,0.3568
				,-0.4911
				,-0.7947
				,-0.3568
				,-0.4911
				,-0.7947
				,-0.3568
				,-0.4911
				,-0.7947
				,-0.3568
				,0.1876
				,-0.7947
				,-0.5774
				,0.1876
				,-0.7947
				,-0.5774
				,0.1876
				,-0.7947
				,-0.5774
				,0.9822
				,-0.1876
				,0
				,0.9822
				,-0.1876
				,0
				,0.9822
				,-0.1876
				,0
				,0.3035
				,-0.1876
				,0.9342
				,0.3035
				,-0.1876
				,0.9342
				,0.3035
				,-0.1876
				,0.9342
				,-0.7946
				,-0.1876
				,0.5774
				,-0.7946
				,-0.1876
				,0.5774
				,-0.7946
				,-0.1876
				,0.5774
				,-0.7946
				,-0.1876
				,-0.5774
				,-0.7946
				,-0.1876
				,-0.5774
				,-0.7946
				,-0.1876
				,-0.5774
				,0.3035
				,-0.1876
				,-0.9342
				,0.3035
				,-0.1876
				,-0.9342
				,0.3035
				,-0.1876
				,-0.9342
				,0.7946
				,0.1876
				,0.5774
				,0.7946
				,0.1876
				,0.5774
				,0.7946
				,0.1876
				,0.5774
				,-0.3035
				,0.1876
				,0.9342
				,-0.3035
				,0.1876
				,0.9342
				,-0.3035
				,0.1876
				,0.9342
				,-0.9822
				,0.1876
				,0
				,-0.9822
				,0.1876
				,0
				,-0.9822
				,0.1876
				,0
				,-0.3035
				,0.1876
				,-0.9342
				,-0.3035
				,0.1876
				,-0.9342
				,-0.3035
				,0.1876
				,-0.9342
				,0.7946
				,0.1876
				,-0.5774
				,0.7946
				,0.1876
				,-0.5774
				,0.7946
				,0.1876
				,-0.5774
				,0.4911
				,0.7947
				,0.3568
				,0.4911
				,0.7947
				,0.3568
				,0.4911
				,0.7947
				,0.3568
				,-0.1876
				,0.7947
				,0.5774
				,-0.1876
				,0.7947
				,0.5774
				,-0.1876
				,0.7947
				,0.5774
				,-0.6071
				,0.7947
				,0
				,-0.6071
				,0.7947
				,0
				,-0.6071
				,0.7947
				,0
				,-0.1876
				,0.7947
				,-0.5774
				,-0.1876
				,0.7947
				,-0.5774
				,-0.1876
				,0.7947
				,-0.5774
				,0.4911
				,0.7947
				,-0.3568
				,0.4911
				,0.7947
				,-0.3568
				,0.4911
				,0.7947
				,-0.3568
			]
			,"faces": [
				[
					 0
					,1
					,2
				]
				,[
					 3
					,4
					,5
				]
				,[
					 6
					,7
					,8
				]
				,[
					 9
					,10
					,11
				]
				,[
					 12
					,13
					,14
				]
				,[
					 15
					,16
					,17
				]
				,[
					 18
					,19
					,20
				]
				,[
					 21
					,22
					,23
				]
				,[
					 24
					,25
					,26
				]
				,[
					 27
					,28
					,29
				]
				,[
					 30
					,31
					,32
				]
				,[
					 33
					,34
					,35
				]
				,[
					 36
					,37
					,38
				]
				,[
					 39
					,40
					,41
				]
				,[
					 42
					,43
					,44
				]
				,[
					 45
					,46
					,47
				]
				,[
					 48
					,49
					,50
				]
				,[
					 51
					,52
					,53
				]
				,[
					 54
					,55
					,56
				]
				,[
					 57
					,58
					,59
				]
			]
		}
	]
	,"materials": [
		{
			 "properties": [
				{
					 "key": "?mat.name"
					,"semantic": 0
					,"index": 0
					,"type": 3
					,"value": "DefaultMaterial"
				}
				,{
					 "key": "$mat.shadingm"
					,"semantic": 0
					,"index": 0
					,"type": 4
					,"value": 2
				}
				,{
					 "key": "$clr.ambient"
					,"semantic": 0
					,"index": 0
					,"type": 1
					,"value": [
						 0
						,0
						,0
					]
				}
				,{
					 "key": "$clr.diffuse"
					,"semantic": 0
					,"index": 0
					,"type": 1
					,"value": [
						 0.6
						,0.6
						,0.6
					]
				}
				,{
					 "key": "$clr.specular"
					,"semantic": 0
					,"index": 0
					,"type": 1
					,"value": [
						 0
						,0
						,0
					]
				}
				,{
					 "key": "$clr.emissive"
					,"semantic": 0
					,"index": 0
					,"type": 1
					,"value": [
						 0
						,0
						,0
					]
				}
				,{
					 "key": "$mat.shininess"
					,"semantic": 0
					,"index": 0
					,"type": 1
					,"value": 0
				}
				,{
					 "key": "$mat.opacity"
					,"semantic": 0
					,"index": 0
					,"type": 1
					,"value": 1
				}
				,{
					 "key": "$mat.refracti"
					,"semantic": 0
					,"index": 0
					,"type": 1
					,"value": 1
				}
			]
		}
	]
}
