{
	 "__metadata__": {
		 "format": "assimp2json"
		,"version": 100
	}
	,"rootnode": {
		 "name": "pyramide.obj"
		,"transformation": [
			 1
			,0
			,0
			,0
			,0
			,1
			,0
			,0
			,0
			,0
			,1
			,0
			,0
			,0
			,0
			,1
		]
		,"children": [
			{
				 "name": "Pyramid"
				,"transformation": [
					 1
					,0
					,0
					,0
					,0
					,1
					,0
					,0
					,0
					,0
					,1
					,0
					,0
					,0
					,0
					,1
				]
				,"meshes": [
					 0
				]
			}
		]
	}
	,"flags": 8
	,"meshes": [
		{
			 "name": ""
			,"materialindex": 0
			,"primitivetypes": 4
			,"vertices": [
				 -1.5
				,-0.5
				,-1.5
				,1.5
				,-0.5
				,-1.5
				,1.5
				,-0.5
				,1.5
				,-1.5
				,-0.5
				,1.5
				,1.5
				,-0.5
				,1.5
				,1.5
				,-0.5
				,-1.5
				,0
				,2.5
				,0
				,1.5
				,-0.5
				,-1.5
				,-1.5
				,-0.5
				,-1.5
				,0
				,2.5
				,0
				,-1.5
				,-0.5
				,-1.5
				,-1.5
				,-0.5
				,1.5
				,0
				,2.5
				,0
				,-1.5
				,-0.5
				,1.5
				,1.5
				,-0.5
				,1.5
				,0
				,2.5
				,0
			]
			,"normals": [
				 0
				,-1
				,0
				,0
				,-1
				,0
				,0
				,-1
				,0
				,0
				,-1
				,0
				,0.894427
				,0.447214
				,0
				,0.894427
				,0.447214
				,0
				,0.894427
				,0.447214
				,0
				,0
				,0.447214
				,-0.894427
				,0
				,0.447214
				,-0.894427
				,0
				,0.447214
				,-0.894427
				,-0.894427
				,0.447214
				,0
				,-0.894427
				,0.447214
				,0
				,-0.894427
				,0.447214
				,0
				,0
				,0.447214
				,0.894427
				,0
				,0.447214
				,0.894427
				,0
				,0.447214
				,0.894427
			]
			,"tangents": [
				 1
				,0
				,0
				,1
				,0
				,0
				,1
				,0
				,0
				,1
				,0
				,0
				,0
				,0
				,-1
				,0
				,0
				,-1
				,0
				,0
				,-1
				,-1
				,0
				,0
				,-1
				,0
				,0
				,-1
				,0
				,0
				,0
				,0
				,1
				,0
				,0
				,1
				,0
				,0
				,1
				,1
				,0
				,0
				,1
				,0
				,0
				,1
				,0
				,0
			]
			,"bitangents": [
				 0
				,0
				,-1
				,0
				,0
				,-1
				,0
				,0
				,-1
				,0
				,0
				,-1
				,0.447214
				,-0.894427
				,0
				,0.447214
				,-0.894427
				,0
				,0.447214
				,-0.894427
				,0
				,0
				,-0.894427
				,-0.447214
				,0
				,-0.894427
				,-0.447214
				,0
				,-0.894427
				,-0.447214
				,-0.447214
				,-0.894427
				,0
				,-0.447214
				,-0.894427
				,0
				,-0.447214
				,-0.894427
				,0
				,0
				,-0.894427
				,0.447214
				,0
				,-0.894427
				,0.447214
				,0
				,-0.894427
				,0.447214
			]
			,"numuvcomponents": [
				 2
			]
			,"texturecoords": [
				[
					 0
					,0
					,1
					,0
					,1
					,1
					,0
					,1
					,0
					,0
					,1
					,0
					,0.5
					,1
					,0
					,0
					,1
					,0
					,0.5
					,1
					,0
					,0
					,1
					,0
					,0.5
					,1
					,0
					,0
					,1
					,0
					,0.5
					,1
				]
			]
			,"faces": [
				[
					 0
					,1
					,2
				]
				,[
					 0
					,2
					,3
				]
				,[
					 4
					,5
					,6
				]
				,[
					 7
					,8
					,9
				]
				,[
					 10
					,11
					,12
				]
				,[
					 13
					,14
					,15
				]
			]
		}
	]
	,"materials": [
		{
			 "properties": [
				{
					 "key": "?mat.name"
					,"semantic": 0
					,"index": 0
					,"type": 3
					,"value": "DefaultMaterial"
				}
				,{
					 "key": "$mat.shadingm"
					,"semantic": 0
					,"index": 0
					,"type": 4
					,"value": 2
				}
				,{
					 "key": "$clr.ambient"
					,"semantic": 0
					,"index": 0
					,"type": 1
					,"value": [
						 0
						,0
						,0
					]
				}
				,{
					 "key": "$clr.diffuse"
					,"semantic": 0
					,"index": 0
					,"type": 1
					,"value": [
						 0.6
						,0.6
						,0.6
					]
				}
				,{
					 "key": "$clr.specular"
					,"semantic": 0
					,"index": 0
					,"type": 1
					,"value": [
						 0
						,0
						,0
					]
				}
				,{
					 "key": "$clr.emissive"
					,"semantic": 0
					,"index": 0
					,"type": 1
					,"value": [
						 0
						,0
						,0
					]
				}
				,{
					 "key": "$mat.shininess"
					,"semantic": 0
					,"index": 0
					,"type": 1
					,"value": 0
				}
				,{
					 "key": "$mat.opacity"
					,"semantic": 0
					,"index": 0
					,"type": 1
					,"value": 1
				}
				,{
					 "key": "$mat.refracti"
					,"semantic": 0
					,"index": 0
					,"type": 1
					,"value": 1
				}
			]
		}
	]
}
