{
	 "rootnode": {
		 "name": "tetraeder.obj"
	}
	,"meshes": [
		{
			"vertices": [
	        	-0.81649658203125, -0.3333333206176758, 0.4714045333862305,
            	0.81649658203125, -0.3333333206176758, 0.4714045333862305, 
            	0, -0.3333333206176758, -0.9428090667724609,
            	0, 1, 0 
			]
			,"normals": [
				0, 0, 0,
            	0.5, 1, 0,
            	1, 0, 0,
            	0, 1, 0
			]
			,"faces": [
				[2, 1, 0],
            	[1, 3, 0],
            	[2, 3, 1], 
            	[0, 3, 2]
			]
		}
	]
	
}
